{
  "model": "EleutherAI/gpt-neo-1.3B",
  "canary_types": [
    "email"
  ],
  "repetitions": [
    1
  ],
  "experiments": [
    {
      "canary_type": "email",
      "repetitions": 1,
      "mean_exposure": 6.13510990564969,
      "std_exposure": 1.2295984979859076,
      "exposures": [
        6.643856189774724,
        6.643856189774724,
        2.5563933485243853,
        6.643856189774724,
        6.643856189774724,
        6.643856189774724,
        6.643856189774724,
        5.643856189774724,
        6.643856189774724,
        6.643856189774724
      ]
    }
  ]
}