{
  "baseline": {
    "email": {
      "mean": 1.5656498250199697,
      "std": 1.2740668746253232,
      "exposures": [
        3.473931188332412,
        2.5563933485243853,
        2.943416471633632,
        3.321928094887362,
        1.029146345659516,
        0.25153876699596367,
        0.8365012677171206,
        0.4540316308947068,
        0.16812275880832672,
        0.62148837674627
      ]
    },
    "phone": {
      "mean": 2.259436884712769,
      "std": 1.2270087239722416,
      "exposures": [
        2.395928676331139,
        1.3584539709124757,
        3.321928094887362,
        3.6438561897747244,
        1.5563933485243853,
        1.9434164716336326,
        4.321928094887362,
        2.943416471633632,
        0.7131188522118377,
        0.39592867633113915
      ]
    }
  },
  "rag": {
    "email": {
      "mean": 1.6400283181708901,
      "std": 1.4586422898968934,
      "exposures": [
        2.6438561897747244,
        2.6438561897747244,
        3.473931188332412,
        4.321928094887362,
        1.0588936890535683,
        0.0,
        1.3219280948873617,
        0.18442457113742705,
        0.0144995696951149,
        0.7369655941662057
      ]
    },
    "phone": {
      "mean": 2.252154341909754,
      "std": 1.9261055022486906,
      "exposures": [
        3.321928094887362,
        0.6896598793878495,
        5.643856189774724,
        5.643856189774724,
        0.8624964762500644,
        0.7612131404128828,
        2.943416471633632,
        1.2175914350726265,
        0.9434164716336326,
        0.49410907027004214
      ]
    }
  }
}