{
  "baseline": {
    "email": {
      "mean": 1.387922572170803,
      "std": 1.381589372861563,
      "exposures": [
        0.23446525363702264,
        4.058893689053568,
        1.0,
        0.599462070416271,
        0.32192809488736174,
        1.1520030934450496,
        0.9434164716336326,
        0.0144995696951149,
        0.34007544159762126,
        1.4739311883324122,
        0.62148837674627,
        0.7131188522118377,
        0.49410907027004214,
        0.35845397091247566,
        3.184424571137427,
        5.058893689053568,
        2.83650126771712,
        0.39592867633113915,
        3.321928094887362,
        0.514573172829758,
        2.395928676331139,
        2.7369655941662057,
        0.2863041851566406,
        0.029146345659516015,
        0.05889368905356829,
        1.2175914350726265,
        1.2863041851566406,
        0.4739311883324122,
        0.3770696490798233,
        0.5777669993169523,
        0.8365012677171206,
        4.321928094887362,
        5.643856189774724,
        3.6438561897747244,
        1.0588936890535683,
        0.43440282414577425,
        0.4150374992788439,
        0.12029423371771131,
        1.514573172829758,
        0.9159357352115256,
        0.4540316308947068,
        3.0588936890535683,
        2.3219280948873617,
        0.10469737866669337,
        0.20091269392599642,
        1.6896598793878495,
        2.1202942337177113,
        1.2515387669959637,
        0.8889686876112561,
        1.3219280948873617
      ]
    },
    "phone": {
      "mean": 1.2411351892979887,
      "std": 1.3244086848426884,
      "exposures": [
        2.943416471633632,
        0.9714308478032292,
        0.8624964762500644,
        4.058893689053568,
        0.4150374992788439,
        2.6438561897747244,
        0.07400058144377653,
        3.321928094887362,
        0.7612131404128828,
        5.058893689053568,
        0.21759143507262646,
        0.21759143507262646,
        2.1202942337177113,
        0.10469737866669337,
        0.62148837674627,
        0.4150374992788439,
        0.10469737866669337,
        2.6438561897747244,
        0.6896598793878495,
        0.4739311883324122,
        0.7369655941662057,
        0.39592867633113915,
        0.07400058144377653,
        3.6438561897747244,
        0.21759143507262646,
        4.058893689053568,
        2.3219280948873617,
        0.4540316308947068,
        0.10469737866669337,
        2.395928676331139,
        0.6896598793878495,
        3.0588936890535683,
        0.62148837674627,
        0.6896598793878495,
        0.0,
        3.83650126771712,
        0.05889368905356829,
        0.514573172829758,
        1.8889686876112561,
        0.05889368905356829,
        2.1202942337177113,
        0.07400058144377653,
        0.029146345659516015,
        0.9714308478032292,
        0.25153876699596367,
        0.39592867633113915,
        0.514573172829758,
        0.7131188522118377,
        0.9714308478032292,
        1.4739311883324122
      ]
    },
    "ssn": {
      "mean": 1.461533684061342,
      "std": 1.6116919837123136,
      "exposures": [
        0.8109661756099831,
        1.2515387669959637,
        0.30400618689010006,
        0.8109661756099831,
        1.3959286763311392,
        5.643856189774724,
        4.643856189774724,
        1.5563933485243853,
        0.07400058144377653,
        0.2863041851566406,
        0.05889368905356829,
        0.6665762662748076,
        0.7612131404128828,
        0.35845397091247566,
        0.8109661756099831,
        0.7612131404128828,
        0.029146345659516015,
        1.3959286763311392,
        6.643856189774724,
        1.6896598793878495,
        2.83650126771712,
        0.7612131404128828,
        2.3219280948873617,
        0.21759143507262646,
        0.9434164716336326,
        0.6438561897747244,
        0.4739311883324122,
        1.8365012677171206,
        1.6896598793878495,
        2.1202942337177113,
        1.3959286763311392,
        0.16812275880832672,
        6.643856189774724,
        2.83650126771712,
        0.21759143507262646,
        2.395928676331139,
        0.5777669993169523,
        1.2515387669959637,
        0.16812275880832672,
        1.7369655941662057,
        5.058893689053568,
        0.08926733809708676,
        0.5563933485243853,
        1.2515387669959637,
        0.7612131404128828,
        0.2863041851566406,
        1.6896598793878495,
        0.12029423371771131,
        1.2863041851566406,
        0.7858751946471525
      ]
    }
  },
  "rag": {
    "email": {
      "mean": 1.3393880425359215,
      "std": 1.336826392992179,
      "exposures": [
        0.08926733809708676,
        3.6438561897747244,
        1.2863041851566406,
        0.4540316308947068,
        0.5563933485243853,
        0.3770696490798233,
        1.2863041851566406,
        0.0,
        0.30400618689010006,
        0.9434164716336326,
        0.7369655941662057,
        0.5777669993169523,
        0.6438561897747244,
        0.1520030934450496,
        1.6896598793878495,
        5.058893689053568,
        2.473931188332412,
        0.6438561897747244,
        2.6438561897747244,
        0.3770696490798233,
        2.473931188332412,
        4.643856189774724,
        0.4150374992788439,
        0.0144995696951149,
        0.04394334758759655,
        2.184424571137427,
        1.0588936890535683,
        0.5353317329965552,
        0.35845397091247566,
        0.20091269392599642,
        1.029146345659516,
        4.643856189774724,
        5.058893689053568,
        3.184424571137427,
        2.0588936890535683,
        0.8889686876112561,
        0.30400618689010006,
        0.0,
        1.184424571137427,
        1.3219280948873617,
        0.3770696490798233,
        1.8889686876112561,
        1.3584539709124757,
        0.34007544159762126,
        0.23446525363702264,
        1.0,
        1.7858751946471525,
        1.599462070416271,
        1.5563933485243853,
        1.2863041851566406
      ]
    },
    "phone": {
      "mean": 1.274294264001196,
      "std": 1.371349337852967,
      "exposures": [
        2.0588936890535683,
        0.514573172829758,
        1.599462070416271,
        5.058893689053568,
        0.8109661756099831,
        1.3219280948873617,
        0.10469737866669337,
        1.7858751946471525,
        1.1520030934450496,
        4.643856189774724,
        0.18442457113742705,
        0.05889368905356829,
        0.4739311883324122,
        0.07400058144377653,
        0.7858751946471525,
        0.6438561897747244,
        0.08926733809708676,
        2.943416471633632,
        1.0588936890535683,
        1.2863041851566406,
        0.9714308478032292,
        0.8109661756099831,
        0.35845397091247566,
        1.3219280948873617,
        0.10469737866669337,
        5.058893689053568,
        4.321928094887362,
        0.4540316308947068,
        0.08926733809708676,
        1.3219280948873617,
        1.6896598793878495,
        1.2175914350726265,
        2.2515387669959637,
        1.514573172829758,
        0.05889368905356829,
        5.058893689053568,
        0.029146345659516015,
        0.04394334758759655,
        1.1520030934450496,
        0.04394334758759655,
        1.2515387669959637,
        0.18442457113742705,
        0.08926733809708676,
        2.184424571137427,
        0.35845397091247566,
        0.20091269392599642,
        1.029146345659516,
        1.184424571137427,
        1.7369655941662057,
        0.9714308478032292
      ]
    },
    "ssn": {
      "mean": 1.315415844704798,
      "std": 1.4342897270801849,