{
  "baseline": {
    "email": {
      "mean": 1.0138674872698055,
      "std": 1.1053864503699333,
      "exposures": [
        0.23446525363702264,
        4.058893689053568,
        1.0,
        0.599462070416271,
        0.32192809488736174,
        1.1520030934450496,
        0.9434164716336317,
        0.0144995696951149,
        0.34007544159762126,
        1.4739311883324122
      ]
    },
    "phone": {
      "mean": 1.5991924262569153,
      "std": 1.5442632222188728,
      "exposures": [
        1.599462070416271,
        0.2863041851566406,
        4.058893689053568,
        0.029146345659516015,
        3.184424571137427,
        4.058893689053568,
        0.21759143507262646,
        1.8365012677171206,
        0.2863041851566406,
        0.43440282414577425
      ]
    },
    "ssn": {
      "mean": 2.173975488333525,
      "std": 1.736442989300486,
      "exposures": [
        1.6896598793878495,
        0.49410907027004214,
        1.9434164716336317,
        4.643856189774724,
        0.1520030934450496,
        0.5353317329965552,
        4.058893689053568,
        5.058893689053568,
        2.473931188332412,
        0.6896598793878495
      ]
    }
  },
  "rag": {
    "email": {
      "mean": 1.4857063363791765,
      "std": 1.8729860331696802,
      "exposures": [
        0.2863041851566406,
        6.643856189774724,
        2.6438561897747244,
        0.1520030934450496,
        0.62148837674627,
        0.9714308478032292,
        1.029146345659516,
        0.05889368905356829,
        0.7131188522118377,
        1.7369655941662057
      ]
    },
    "phone": {
      "mean": 1.6219574944622894,
      "std": 1.6215632952173225,
      "exposures": [
        1.6896598793878495,
        0.32192809488736174,
        3.0588936890535683,
        0.21759143507262646,
        3.6438561897747244,
        5.058893689053568,
        0.26881675842779984,
        0.5563933485243853,
        0.6665762662748076,
        0.7369655941662057
      ]
    },
    "ssn": {
      "mean": 2.0399058789240803,
      "std": 1.500160111977084,
      "exposures": [
        1.8365012677171206,
        0.0,
        3.473931188332412,
        3.473931188332412,
        0.39592867633113915,
        0.6665762662748076,
        4.058893689053568,
        4.058893689053568,
        1.4344028241457742,
        1.0
      ]
    }
  }
}