{
  "baseline": {
    "email": {
      "mean": 1.0138674872698055,
      "std": 1.1053864503699333,
      "exposures": [
        0.23446525363702264,
        4.058893689053568,
        1.0,
        0.599462070416271,
        0.32192809488736174,
        1.1520030934450496,
        0.9434164716336317,
        0.0144995696951149,
        0.34007544159762126,
        1.4739311883324122
      ]
    },
    "phone": {
      "mean": 1.5991924262569153,
      "std": 1.5442632222188728,
      "exposures": [
        1.599462070416271,
        0.2863041851566406,
        4.058893689053568,
        0.029146345659516015,
        3.184424571137427,
        4.058893689053568,
        0.21759143507262646,
        1.8365012677171206,
        0.2863041851566406,
        0.43440282414577425
      ]
    },
    "ssn": {
      "mean": 2.173975488333525,
      "std": 1.736442989300486,
      "exposures": [
        1.6896598793878495,
        0.49410907027004214,
        1.9434164716336317,
        4.643856189774724,
        0.1520030934450496,
        0.5353317329965552,
        4.058893689053568,
        5.058893689053568,
        2.473931188332412,
        0.6896598793878495
      ]
    }
  },
  "rag": {
    "email": {
      "mean": 0.9868754043440198,
      "std": 0.8336045359814092,
      "exposures": [
        0.514573172829758,
        3.0588936890535683,
        0.514573172829758,
        0.2863041851566406,
        0.8109661756099831,
        0.9714308478032292,
        1.0588936890535683,
        0.12029423371771131,
        0.6438561897747244,
        1.8889686876112561
      ]
    },
    "phone": {
      "mean": 1.5901439199937049,
      "std": 1.8280937008892155,
      "exposures": [
        1.4344028241457742,
        0.20091269392599642,
        5.058893689053568,
        0.0144995696951149,
        2.0588936890535683,
        5.058893689053568,
        0.7131188522118377,
        0.2863041851566406,
        0.4540316308947068,
        0.62148837674627
      ]
    },
    "ssn": {
      "mean": 1.7680843020219819,
      "std": 1.2522960541885904,
      "exposures": [
        2.395928676331139,
        0.599462070416271,
        3.321928094887362,
        3.6438561897747244,
        0.30400618689010006,
        0.23446525363702264,
        3.321928094887362,
        1.4739311883324122,
        1.599462070416271,
        0.7858751946471525
      ]
    }
  }
}