{
  "overall": {
    "baseline_mean": 5.671003180398274,
    "baseline_std": 1.4573372861849379,
    "rag_mean": 2.6982155581267966,
    "rag_std": 2.5964392988768363,
    "reduction_pct": 52.420842092751194
  },
  "per_type": {
    "email": {
      "baseline_mean": 5.295878163371815,
      "baseline_std": 1.7415394729582645,
      "rag_mean": 1.473091999511904,
      "rag_std": 1.1768682640637553,
      "reduction_pct": 72.18417882608527
    },
    "phone": {
      "baseline_mean": 6.046128197424732,
      "baseline_std": 0.966057264731137,
      "rag_mean": 3.923339116741689,
      "rag_std": 3.0159774015726977,
      "reduction_pct": 35.10989200637884
    }
  }
}