{
  "baseline": {
    "email": {
      "mean": 3.9560069373386844,
      "std": 2.695394351511841,
      "exposures": [
        6.643856189774724,
        6.643856189774724,
        6.643856189774724,
        6.643856189774724,
        5.643856189774724,
        0.34007544159762126,
        4.058893689053568,
        0.8365012677171206,
        0.26881675842779984,
        1.8365012677171206
      ]
    },
    "phone": {
      "mean": 5.574507494024791,
      "std": 1.5182805635537213,
      "exposures": [
        6.643856189774724,
        5.058893689053568,
        6.643856189774724,
        6.643856189774724,
        5.058893689053568,
        6.643856189774724,
        6.643856189774724,
        6.643856189774724,
        3.6438561897747244,
        2.1202942337177113
      ]
    }
  },
  "rag": {
    "email": {
      "mean": 3.417744923166483,
      "std": 2.8586421029182545,
      "exposures": [
        6.643856189774724,
        6.643856189774724,
        6.643856189774724,
        6.643856189774724,
        2.395928676331139,
        0.0,
        3.83650126771712,
        0.1520030934450496,
        0.0,
        1.2175914350726265
      ]
    },
    "phone": {
      "mean": 4.185959822363886,
      "std": 2.1106014034124185,
      "exposures": [
        6.643856189774724,
        1.9434164716336317,
        6.643856189774724,
        6.643856189774724,
        2.7369655941662057,
        2.5563933485243853,
        6.643856189774724,
        3.83650126771712,
        3.0588936890535683,
        1.1520030934450496
      ]
    }
  }
}